{"noiseKey":{"private":{"type":"Buffer","data":"CHzPzaNSztiKqU0wGBVMSuArnRwsGPrdGCHP9r9kq30="},"public":{"type":"Buffer","data":"1ShqSNuUS4kP6Q9dnmsfOjOmYMiwh1J617krzXDVu38="}},"pairingEphemeralKeyPair":{"private":{"type":"Buffer","data":"uD97o0cLDLVsrXOt6Y3r1CeNWTP420XIl707fwwYLno="},"public":{"type":"Buffer","data":"yOwGQEmm74YzvScUs7Mo1OH+dG2P0nHi2a36frh+kFc="}},"signedIdentityKey":{"private":{"type":"Buffer","data":"AIdzCw2jXnuPjH+zgQd5+5K0nLG13jI3pedb9G3JLkw="},"public":{"type":"Buffer","data":"9Ui5jr/do0DmusbMJyJ6jTIxmsbAkbZ2ZyOobJ/2BDY="}},"signedPreKey":{"keyPair":{"private":{"type":"Buffer","data":"MNSVG/8eKRcwYkIUtfMVYWoCd/WyZKzh7IpoeQ580nA="},"public":{"type":"Buffer","data":"Y9jYo+IeKz/Bh1nkxf/b/X5q/OCfkRHCmpisb7HNGgM="}},"signature":{"type":"Buffer","data":"OBOr+P9VQZRFhpqPjJD3Gamw3Nmaxc0hxUJGj1aTW6ekr+6DedfH/uEMsq7u40Dc0nHz6uVOpXPdyF5vtbWqjA=="},"keyId":1},"registrationId":61,"advSecretKey":"cYsq3efWhKfiMFh3OMwYzdtyv+FvahuYmpAxyUc4lmc=","processedHistoryMessages":[],"nextPreKeyId":813,"firstUnuploadedPreKeyId":813,"accountSyncCounter":0,"accountSettings":{"unarchiveChats":false},"registered":true,"pairingCode":"4YA47RW9","me":{"id":"31649649017:3@s.whatsapp.net","lid":"74020171059279:3@lid"},"account":{"details":"CMz6nM8DEJjD38wGGAIgACgA","accountSignatureKey":"sBAqbZiwSBK+efVfoczsPtNMe1FW5TtKmPI8SpEQYzU=","accountSignature":"yEnwwaIi15FhZK/UJa+jZR+88FBOYUqr0lyv7BFWX5M7Rwe5VKKGjpu//qeEudBraR9lsep7C+HV1gRy/gScgw==","deviceSignature":"A1jsoSRdH2KsBaXrobpKWrWv6zac3HPWWEqXlZWYXXKR2vSwKIb8oKlE+tluaXOC8i7uykr6Ttl4NNWk+HRjiA=="},"signalIdentities":[{"identifier":{"name":"74020171059279:3@lid","deviceId":0},"identifierKey":{"type":"Buffer","data":"BbAQKm2YsEgSvnn1X6HM7D7TTHtRVuU7SpjyPEqREGM1"}}],"platform":"iphone","routingInfo":{"type":"Buffer","data":"CAsIDQgC"},"lastAccountSyncTimestamp":1771561372,"lastPropHash":"1K4hH4","myAppStateKeyId":"AAAAAI1c"}